<?xml version="1.0" ?>
<LOG_ROOT>
	<PROJECT NAME="TanX">
		<CBX_INST_ENTRY INSTANCE_NAME="|TanX|tanDp:inst|lpm_add_sub0:inst6|lpm_add_sub:LPM_ADD_SUB_component" CBX_FILE_NAME="add_sub_rlh.tdf"/>
		<CBX_INST_ENTRY INSTANCE_NAME="|TanX|tanDp:inst|lpm_mux0:inst2|lpm_mux:LPM_MUX_component" CBX_FILE_NAME="mux_doc.tdf"/>
		<CBX_INST_ENTRY INSTANCE_NAME="|TanX|tanDp:inst|lpm_mux1:inst5|lpm_mux:LPM_MUX_component" CBX_FILE_NAME="mux_boc.tdf"/>
		<CBX_INST_ENTRY INSTANCE_NAME="|TanX|tanDp:inst|lpm_counter0:inst1|lpm_counter:LPM_COUNTER_component" CBX_FILE_NAME="cntr_edk.tdf"/>
		<CBX_INST_ENTRY INSTANCE_NAME="|TanX|tanDp:inst|lpm_mult0:inst3|lpm_mult:lpm_mult_component" CBX_FILE_NAME="mult_8bn.tdf"/>
		<CBX_INST_ENTRY INSTANCE_NAME="|TanX|tanDp:inst|lpm_mux1:inst4|lpm_mux:LPM_MUX_component" CBX_FILE_NAME="mux_boc.tdf"/>
		<CBX_INST_ENTRY INSTANCE_NAME="|TanX|tanDp:inst|rom1:inst|altsyncram:altsyncram_component" CBX_FILE_NAME="altsyncram_nj71.tdf"/>
	</PROJECT>
</LOG_ROOT>
